<?xml version="1.0" encoding="UTF-8"?>
<!DOCTYPE fontscolors PUBLIC "-//NetBeans//DTD Editor Fonts and Colors settings 1.2//EN" "https://netbeans.apache.org/dtds/EditorFontsColors-1_2.dtd">
<fontscolors>
    <fontcolor bgColor="darkGray" name="mark-occurrences"/>
    <fontcolor foreColor="white" name="identifier"/>
    <fontcolor bgColor="ff660000" foreColor="white" name="default">
        <font name="Times New Roman" size="16"/>
    </fontcolor>
    <fontcolor foreColor="yellow" name="string"/>
    <fontcolor default="identifier" name="method"/>
    <fontcolor foreColor="lightGray" name="warning" waveUnderlined="magenta"/>
    <fontcolor foreColor="cyan" name="comment">
        <font style="italic"/>
    </fontcolor>
    <fontcolor bgColor="black" foreColor="white" name="error"/>
    <fontcolor default="default" name="entity-reference"/>
    <fontcolor foreColor="ff9999ff" name="separator"/>
    <fontcolor foreColor="ffff6666" name="operator"/>
    <fontcolor name="url" underline="blue"/>
</fontscolors>
